google.com, bjie@hotmail.com, legolas
msn.com, lima@hotmail.com, aragorn
bbc.com, vijaba@hotmail.com, strider
aws.com, erica@hotmail.com, arwen
cnn.com, rspin@hotmail.com, galadriel
facebook.com, nhong@hotmail.com, eowyn
lfc.com, leen@hotmail.com, pippin
qantas.com, doylen@hotmail.com, luthien
cnbc.com, lail@hotmail.com, tauriel
reddit.com, xum@hotmail.com, ioreth
wsj.com, nam@hotmail.com, gandalf
twitter.com, cdav@hotmail.com, elrond
fortnite.com, hal@hotmail.com, elendil
pinterest.com, gali@hotmail.com, elwing
instagram.com, echo@hotmail.com, melian
asx.com, rkir@hotmail.com, gil-galad
cloud.google.com, bmad@hotmail.com, morwen
tiktok.com, cpen@hotmail.com, aredhel
bing.com, cshe@hotmail.com, nienna
duckduckgo.com, nsid@hotmail.com, isildur
razer.com, ssha@hotmail.com, mithrandir